company_name,sector,careers_url
Aberdeen Standard Investments,"Banking, FinTech & Payments",
Adyen UK,"Banking, FinTech & Payments",https://www.adyen.com/careers
AJ Bell,"Banking, FinTech & Payments",
Aldermore Bank,"Banking, FinTech & Payments",
Allica Bank,"Banking, FinTech & Payments",
American Express UK,"Banking, FinTech & Payments",https://www.americanexpress.com/en-us/careers/
AQR Capital Management UK,"Banking, FinTech & Payments",https://www.aqr.com/About-Us/Careers
Atom Bank,"Banking, FinTech & Payments",
Aviva Investors,"Banking, FinTech & Payments",
Bank of England,"Banking, FinTech & Payments",
Barclays,"Banking, FinTech & Payments",https://search.jobs.barclays/search-jobs/Data%20Scientist/13015/1?glat=52.44196&glon=-1.9242
BlackRock UK,"Banking, FinTech & Payments",
Bloomberg UK,"Banking, FinTech & Payments",https://www.bloomberg.com/careers
BNP Paribas UK,"Banking, FinTech & Payments",
Bought By Many / ManyPets,"Banking, FinTech & Payments",https://manypets.com/uk/careers/
Brevan Howard,"Banking, FinTech & Payments",https://www.brevanhoward.com/careers/
Bridgepoint,"Banking, FinTech & Payments",https://www.bridgepoint.eu/careers
Capco,"Banking, FinTech & Payments",
Capital One UK,"Banking, FinTech & Payments",https://www.capitalonecareers.co.uk/
Checkout.com,"Banking, FinTech & Payments",
Citadel Securities UK,"Banking, FinTech & Payments",https://www.citadel.com/careers/
Citi UK,"Banking, FinTech & Payments",
ClearBank,"Banking, FinTech & Payments",
ClearScore,"Banking, FinTech & Payments",
Close Brothers,"Banking, FinTech & Payments",
CMC Markets,"Banking, FinTech & Payments",
Credit Suisse UK,"Banking, FinTech & Payments",
CVC Capital Partners,"Banking, FinTech & Payments",https://www.cvc.com/careers/
Deutsche Bank UK,"Banking, FinTech & Payments",https://careers.db.com/professionals/search-roles/#/professional/results/?country=71
Equifax UK,"Banking, FinTech & Payments",https://careers.equifax.com/
Experian UK,"Banking, FinTech & Payments",https://www.experianplc.com/careers/
FCA,"Banking, FinTech & Payments",
Fidelity International,"Banking, FinTech & Payments",
Fitch Ratings UK,"Banking, FinTech & Payments",https://www.fitch.group/careers
Funding Circle,"Banking, FinTech & Payments",https://www.fundingcircle.com/uk/careers/
G-Research,"Banking, FinTech & Payments",https://www.gresearch.com/careers/
GoCardless,"Banking, FinTech & Payments",https://gocardless.com/about/careers/
Goldman Sachs UK,"Banking, FinTech & Payments",https://higher.gs.com/results?&page=1&search=Data%20scientist&sort=RELEVANCE
Hargreaves Lansdown,"Banking, FinTech & Payments",
HSBC,"Banking, FinTech & Payments",https://portal.careers.hsbc.com/careers?query=Data%20Scientist&location=united%20kingdom&domain=hsbc.com&sort_by=relevance&triggerGoButton=false
IG Group,"Banking, FinTech & Payments",
Investec,"Banking, FinTech & Payments",
Iwoca,"Banking, FinTech & Payments",https://www.iwoca.co.uk/careers/
Jane Street UK,"Banking, FinTech & Payments",https://www.janestreet.com/join-jane-street/open-roles/
JP Morgan UK,"Banking, FinTech & Payments",
Legal & General,"Banking, FinTech & Payments",
LexisNexis Risk Solutions UK,"Banking, FinTech & Payments",https://risk.lexisnexis.com/group/careers
Lloyds Banking Group,"Banking, FinTech & Payments",https://www.lloydsbankinggroup.com/careers/job-search.html?f=SearchTerm:Data%20Scientist!allLocation:!jobCategory:Tech%20%26%20Data!workerType:!postedDate:&p=0
London Stock Exchange Group (LSEG),"Banking, FinTech & Payments",https://www.lseg.com/en/careers
M&G Investments,"Banking, FinTech & Payments",
Man Group,"Banking, FinTech & Payments",https://www.man.com/careers
MarketFinance,"Banking, FinTech & Payments",https://www.marketfinance.com/careers
Marshmallow,"Banking, FinTech & Payments",https://www.marshmallow.com/careers
Mastercard UK,"Banking, FinTech & Payments",https://careers.mastercard.com/
Metro Bank,"Banking, FinTech & Payments",
Millennium Management UK,"Banking, FinTech & Payments",https://www.mlp.com/careers/
Mollie UK,"Banking, FinTech & Payments",https://www.mollie.com/careers
Monzo,"Banking, FinTech & Payments",https://monzo.com/careers#jobs
Moody’s UK,"Banking, FinTech & Payments",https://careers.moodys.com/
Morgan Stanley UK,"Banking, FinTech & Payments",
Nationwide Building Society,"Banking, FinTech & Payments",
NatWest Group,"Banking, FinTech & Payments",
OakNorth Bank,"Banking, FinTech & Payments",
PayPal UK,"Banking, FinTech & Payments",https://paypal.eightfold.ai/careers
Permira,"Banking, FinTech & Payments",https://www.permira.com/join-us/
Pleo UK,"Banking, FinTech & Payments",https://www.pleo.io/en/careers
Plus500 UK,"Banking, FinTech & Payments",
PRA,"Banking, FinTech & Payments",
Quilter,"Banking, FinTech & Payments",
Refinitiv,"Banking, FinTech & Payments",https://www.lseg.com/en/careers
Revolut,"Banking, FinTech & Payments",https://www.revolut.com/careers/?team=Data
S&P Global UK,"Banking, FinTech & Payments",https://www.spglobal.com/en/careers
Santander UK,"Banking, FinTech & Payments",
Schroders,"Banking, FinTech & Payments",
Shawbrook Bank,"Banking, FinTech & Payments",
Standard Chartered,"Banking, FinTech & Payments",
Starling Bank,"Banking, FinTech & Payments",
Stripe UK,"Banking, FinTech & Payments",https://stripe.com/jobs
SumUp UK,"Banking, FinTech & Payments",https://www.sumup.com/en-gb/careers/
Tandem Bank,"Banking, FinTech & Payments",
Thought Machine,"Banking, FinTech & Payments",
Tide,"Banking, FinTech & Payments",https://www.tide.co/careers/
Tradeweb UK,"Banking, FinTech & Payments",https://www.tradeweb.com/careers/
TransUnion UK,"Banking, FinTech & Payments",https://www.transunion.co.uk/careers
TSB Bank,"Banking, FinTech & Payments",
Two Sigma UK,"Banking, FinTech & Payments",https://www.twosigma.com/careers/
UBS UK,"Banking, FinTech & Payments",
Virgin Money UK,"Banking, FinTech & Payments",
Visa Europe,"Banking, FinTech & Payments",
Wise,"Banking, FinTech & Payments",https://job-boards.greenhouse.io/wise
Worldpay,"Banking, FinTech & Payments",
YuLife,"Banking, FinTech & Payments",https://www.yulife.com/careers/
Zopa Bank,"Banking, FinTech & Payments",
6point6,"Consulting, IT Services & Data Agencies",https://6point6.co.uk/careers/
Accenture UK,"Consulting, IT Services & Data Agencies",
AlixPartners UK,"Consulting, IT Services & Data Agencies",https://www.alixpartners.com/careers/
Altman Solon UK,"Consulting, IT Services & Data Agencies",https://www.altmansolon.com/careers/
AND Digital,"Consulting, IT Services & Data Agencies",https://www.and.digital/careers
Arthur D. Little UK,"Consulting, IT Services & Data Agencies",https://www.adlittle.com/en/careers
Atos UK,"Consulting, IT Services & Data Agencies",https://atos.net/en/careers
Bain UK,"Consulting, IT Services & Data Agencies",
BCG UK,"Consulting, IT Services & Data Agencies",
BearingPoint,"Consulting, IT Services & Data Agencies",
BJSS,"Consulting, IT Services & Data Agencies",https://www.bjss.com/careers/
Capgemini UK,"Consulting, IT Services & Data Agencies",
CGI UK,"Consulting, IT Services & Data Agencies",
Cognizant UK,"Consulting, IT Services & Data Agencies",
DataTech Analytics,"Consulting, IT Services & Data Agencies",https://www.datatech.org.uk/
Deloitte UK,"Consulting, IT Services & Data Agencies",
Dufrain,"Consulting, IT Services & Data Agencies",https://www.dufrain.co.uk/careers/
DXC Technology UK,"Consulting, IT Services & Data Agencies",https://careers.dxc.com/
Endava UK,"Consulting, IT Services & Data Agencies",https://www.endava.com/en/careers
EPAM UK,"Consulting, IT Services & Data Agencies",https://www.epam.com/careers
Equal Experts,"Consulting, IT Services & Data Agencies",https://www.equalexperts.com/careers/
EY UK,"Consulting, IT Services & Data Agencies",
FTI Consulting,"Consulting, IT Services & Data Agencies",
HCLTech UK,"Consulting, IT Services & Data Agencies",
IBM Consulting UK,"Consulting, IT Services & Data Agencies",https://www.ibm.com/careers
Infosys UK,"Consulting, IT Services & Data Agencies",
Kainos,"Consulting, IT Services & Data Agencies",https://www.kainos.com/careers
Kin + Carta,"Consulting, IT Services & Data Agencies",https://www.kinandcarta.com/en/careers/
KPMG UK,"Consulting, IT Services & Data Agencies",
Kubrick Group,"Consulting, IT Services & Data Agencies",https://www.kubrickgroup.com/careers
LEK Consulting UK,"Consulting, IT Services & Data Agencies",https://www.lek.com/join-lek
LTIMindtree UK,"Consulting, IT Services & Data Agencies",https://www.ltimindtree.com/careers/
Made Tech,"Consulting, IT Services & Data Agencies",https://www.madetech.com/careers/
Mango Solutions,"Consulting, IT Services & Data Agencies",https://www.mango-solutions.com/careers/
McKinsey UK,"Consulting, IT Services & Data Agencies",
Methods Analytics,"Consulting, IT Services & Data Agencies",https://www.methods.co.uk/careers/
Mphasis UK,"Consulting, IT Services & Data Agencies",https://www.mphasis.com/home/careers.html
NTT DATA UK,"Consulting, IT Services & Data Agencies",https://uk.nttdata.com/careers
OC&C Strategy Consultants,"Consulting, IT Services & Data Agencies",https://www.occstrategy.com/en/careers
Oliver Wyman UK,"Consulting, IT Services & Data Agencies",https://www.oliverwyman.com/careers.html
PA Consulting,"Consulting, IT Services & Data Agencies",
Publicis Sapient UK,"Consulting, IT Services & Data Agencies",https://www.publicissapient.com/careers
PwC UK,"Consulting, IT Services & Data Agencies",
Roland Berger UK,"Consulting, IT Services & Data Agencies",https://www.rolandberger.com/en/Join/
Slalom UK,"Consulting, IT Services & Data Agencies",
Softwire,"Consulting, IT Services & Data Agencies",https://www.softwire.com/careers/
Strategy& UK,"Consulting, IT Services & Data Agencies",https://www.strategyand.pwc.com/gx/en/careers.html
TCS UK,"Consulting, IT Services & Data Agencies",
Tech Mahindra UK,"Consulting, IT Services & Data Agencies",https://www.techmahindra.com/en-in/careers/
Thoughtworks UK,"Consulting, IT Services & Data Agencies",https://www.thoughtworks.com/careers
UST UK,"Consulting, IT Services & Data Agencies",https://www.ust.com/en/careers
Wipro UK,"Consulting, IT Services & Data Agencies",
ZS Associates UK,"Consulting, IT Services & Data Agencies",https://www.zs.com/careers
AB InBev UK,"Energy, Utilities, Engineering, Manufacturing & Defence",https://www.ab-inbev.com/careers/
Airbus UK,"Energy, Utilities, Engineering, Manufacturing & Defence",
Anglian Water,"Energy, Utilities, Engineering, Manufacturing & Defence",https://www.anglianwatercareers.co.uk/
Associated British Foods,"Energy, Utilities, Engineering, Manufacturing & Defence",https://www.abf.co.uk/careers
Babcock International,"Energy, Utilities, Engineering, Manufacturing & Defence",https://www.babcockinternational.com/careers/
BAE Systems,"Energy, Utilities, Engineering, Manufacturing & Defence",
Boeing UK,"Energy, Utilities, Engineering, Manufacturing & Defence",https://jobs.boeing.com/
BP,"Energy, Utilities, Engineering, Manufacturing & Defence",
British American Tobacco,"Energy, Utilities, Engineering, Manufacturing & Defence",https://careers.bat.com/
Bulb / Octopus,"Energy, Utilities, Engineering, Manufacturing & Defence",https://octopus.energy/careers/
Cadent Gas,"Energy, Utilities, Engineering, Manufacturing & Defence",https://cadentgas.com/careers
Caterpillar UK,"Energy, Utilities, Engineering, Manufacturing & Defence",https://www.caterpillar.com/en/careers.html
Centrica,"Energy, Utilities, Engineering, Manufacturing & Defence",
Coca-Cola Europacific Partners UK,"Energy, Utilities, Engineering, Manufacturing & Defence",https://www.ccep.jobs/
Diageo,"Energy, Utilities, Engineering, Manufacturing & Defence",https://www.diageo.com/en/careers
Drax Group,"Energy, Utilities, Engineering, Manufacturing & Defence",https://www.drax.com/careers/
Dyson,"Energy, Utilities, Engineering, Manufacturing & Defence",https://careers.dyson.com/
E.ON UK,"Energy, Utilities, Engineering, Manufacturing & Defence",
EDF Energy,"Energy, Utilities, Engineering, Manufacturing & Defence",
GE Aerospace UK,"Energy, Utilities, Engineering, Manufacturing & Defence",https://jobs.gecareers.com/aviation/global/en
GKN Aerospace,"Energy, Utilities, Engineering, Manufacturing & Defence",https://www.gknaerospace.com/careers/
Hitachi UK,"Energy, Utilities, Engineering, Manufacturing & Defence",
Jaguar Land Rover,"Energy, Utilities, Engineering, Manufacturing & Defence",
JCB,"Energy, Utilities, Engineering, Manufacturing & Defence",https://www.jcb.com/en-gb/about/careers
Kraft Heinz UK,"Energy, Utilities, Engineering, Manufacturing & Defence",https://www.kraftheinzcompany.com/careers.html
Leonardo UK,"Energy, Utilities, Engineering, Manufacturing & Defence",https://uk.leonardo.com/en/careers
Lockheed Martin UK,"Energy, Utilities, Engineering, Manufacturing & Defence",https://www.lockheedmartinjobs.com/
Mars UK,"Energy, Utilities, Engineering, Manufacturing & Defence",https://www.mars.com/careers
MBDA UK,"Energy, Utilities, Engineering, Manufacturing & Defence",https://www.mbdacareers.co.uk/
Mondelez UK,"Energy, Utilities, Engineering, Manufacturing & Defence",https://www.mondelezinternational.com/careers/
National Grid,"Energy, Utilities, Engineering, Manufacturing & Defence",
Nestlé UK,"Energy, Utilities, Engineering, Manufacturing & Defence",https://www.nestle.co.uk/jobs
Northumbrian Water,"Energy, Utilities, Engineering, Manufacturing & Defence",https://www.nwl.co.uk/careers/
Octopus Energy,"Energy, Utilities, Engineering, Manufacturing & Defence",https://octopus.energy/careers/
Orsted UK,"Energy, Utilities, Engineering, Manufacturing & Defence",https://orsted.com/en/careers
OVO Energy,"Energy, Utilities, Engineering, Manufacturing & Defence",https://careers.ovo.com/
PepsiCo UK,"Energy, Utilities, Engineering, Manufacturing & Defence",https://www.pepsicojobs.com/
Procter & Gamble UK,"Energy, Utilities, Engineering, Manufacturing & Defence",https://www.pgcareers.com/
QinetiQ,"Energy, Utilities, Engineering, Manufacturing & Defence",https://www.qinetiq.com/en/careers
Reckitt,"Energy, Utilities, Engineering, Manufacturing & Defence",https://www.reckitt.com/careers/
Rolls-Royce,"Energy, Utilities, Engineering, Manufacturing & Defence",
RWE UK,"Energy, Utilities, Engineering, Manufacturing & Defence",https://uk.rwe.com/career/
Scottish Power,"Energy, Utilities, Engineering, Manufacturing & Defence",
Severn Trent,"Energy, Utilities, Engineering, Manufacturing & Defence",https://www.severntrent.com/careers/
Shell UK,"Energy, Utilities, Engineering, Manufacturing & Defence",
Siemens UK,"Energy, Utilities, Engineering, Manufacturing & Defence",
SSE,"Energy, Utilities, Engineering, Manufacturing & Defence",
Thales UK,"Energy, Utilities, Engineering, Manufacturing & Defence",https://www.thalesgroup.com/en/careers
Thames Water,"Energy, Utilities, Engineering, Manufacturing & Defence",https://www.thameswater.co.uk/about-us/careers
Unilever UK,"Energy, Utilities, Engineering, Manufacturing & Defence",https://www.unilever.com/careers/
United Utilities,"Energy, Utilities, Engineering, Manufacturing & Defence",https://www.unitedutilities.com/corporate/careers/
Vattenfall UK,"Energy, Utilities, Engineering, Manufacturing & Defence",https://group.vattenfall.com/careers
Yorkshire Water,"Energy, Utilities, Engineering, Manufacturing & Defence",https://www.yorkshirewater.com/careers/
Amgen UK,"Healthcare, Pharma, Biotech & Life Sciences",https://careers.amgen.com/
Astellas UK,"Healthcare, Pharma, Biotech & Life Sciences",https://www.astellas.com/en/careers
AstraZeneca,"Healthcare, Pharma, Biotech & Life Sciences",
Babylon Health,"Healthcare, Pharma, Biotech & Life Sciences",
Bayer UK,"Healthcare, Pharma, Biotech & Life Sciences",
BenevolentAI,"Healthcare, Pharma, Biotech & Life Sciences",https://www.benevolent.com/careers/
Bicycle Therapeutics,"Healthcare, Pharma, Biotech & Life Sciences",https://www.bicycletherapeutics.com/careers/
Biogen UK,"Healthcare, Pharma, Biotech & Life Sciences",https://www.biogen.com/en_us/careers.html
Boehringer Ingelheim UK,"Healthcare, Pharma, Biotech & Life Sciences",https://careers.boehringer-ingelheim.com/
Boots Health,"Healthcare, Pharma, Biotech & Life Sciences",
Bristol Myers Squibb UK,"Healthcare, Pharma, Biotech & Life Sciences",https://careers.bms.com/
Cancer Research UK,"Healthcare, Pharma, Biotech & Life Sciences",https://www.cancerresearchuk.org/about-us/jobs
Cera Care,"Healthcare, Pharma, Biotech & Life Sciences",https://ceracare.co.uk/careers/
Cerner UK,"Healthcare, Pharma, Biotech & Life Sciences",
Convatec,"Healthcare, Pharma, Biotech & Life Sciences",https://www.convatecgroup.com/careers/
Doctify,"Healthcare, Pharma, Biotech & Life Sciences",https://www.doctify.com/uk/careers
Eli Lilly UK,"Healthcare, Pharma, Biotech & Life Sciences",https://careers.lilly.com/
Exscientia,"Healthcare, Pharma, Biotech & Life Sciences",https://www.exscientia.ai/careers
Florence Healthcare,"Healthcare, Pharma, Biotech & Life Sciences",https://www.florence.co.uk/careers
GE HealthCare UK,"Healthcare, Pharma, Biotech & Life Sciences",https://careers.gehealthcare.com/
Genomics England,"Healthcare, Pharma, Biotech & Life Sciences",https://www.genomicsengland.co.uk/careers
Gilead Sciences UK,"Healthcare, Pharma, Biotech & Life Sciences",https://www.gilead.com/careers
GSK,"Healthcare, Pharma, Biotech & Life Sciences",
HCA Healthcare UK,"Healthcare, Pharma, Biotech & Life Sciences",
Health Data Research UK,"Healthcare, Pharma, Biotech & Life Sciences",https://www.hdruk.ac.uk/careers/
Healx,"Healthcare, Pharma, Biotech & Life Sciences",https://healx.io/careers/
Illumina UK,"Healthcare, Pharma, Biotech & Life Sciences",https://www.illumina.com/company/careers.html
IQVIA,"Healthcare, Pharma, Biotech & Life Sciences",
Isomorphic Labs,"Healthcare, Pharma, Biotech & Life Sciences",https://www.isomorphiclabs.com/careers
Johnson & Johnson UK,"Healthcare, Pharma, Biotech & Life Sciences",https://www.careers.jnj.com/
Medtronic UK,"Healthcare, Pharma, Biotech & Life Sciences",https://www.medtronic.com/us-en/about/careers.html
Moderna UK,"Healthcare, Pharma, Biotech & Life Sciences",
MSD UK,"Healthcare, Pharma, Biotech & Life Sciences",https://jobs.msd.com/
NHS Digital,"Healthcare, Pharma, Biotech & Life Sciences",
NHS England,"Healthcare, Pharma, Biotech & Life Sciences",
NHS Trusts,"Healthcare, Pharma, Biotech & Life Sciences",
Novartis UK,"Healthcare, Pharma, Biotech & Life Sciences",
Novo Nordisk UK,"Healthcare, Pharma, Biotech & Life Sciences",https://www.novonordisk.co.uk/careers.html
Our Future Health,"Healthcare, Pharma, Biotech & Life Sciences",https://ourfuturehealth.org.uk/careers/
Oxford Nanopore Technologies,"Healthcare, Pharma, Biotech & Life Sciences",https://nanoporetech.com/about-us/careers
Pfizer UK,"Healthcare, Pharma, Biotech & Life Sciences",
Philips UK,"Healthcare, Pharma, Biotech & Life Sciences",https://www.careers.philips.com/
Recursion UK,"Healthcare, Pharma, Biotech & Life Sciences",https://www.recursion.com/careers
Roche UK,"Healthcare, Pharma, Biotech & Life Sciences",
Sanofi UK,"Healthcare, Pharma, Biotech & Life Sciences",
Siemens Healthineers UK,"Healthcare, Pharma, Biotech & Life Sciences",https://www.siemens-healthineers.com/en-uk/careers
Smith & Nephew,"Healthcare, Pharma, Biotech & Life Sciences",https://www.smith-nephew.com/en/careers
Specsavers,"Healthcare, Pharma, Biotech & Life Sciences",
Takeda UK,"Healthcare, Pharma, Biotech & Life Sciences",https://www.takedajobs.com/
Teva UK,"Healthcare, Pharma, Biotech & Life Sciences",https://www.tevapharm.com/careers/
UCB UK,"Healthcare, Pharma, Biotech & Life Sciences",https://www.ucb.com/careers
UK Biobank,"Healthcare, Pharma, Biotech & Life Sciences",https://www.ukbiobank.ac.uk/work-with-us/careers
UKHSA,"Healthcare, Pharma, Biotech & Life Sciences",
Wellcome Trust,"Healthcare, Pharma, Biotech & Life Sciences",https://wellcome.org/jobs
Admiral Group,Insurance & Risk,
Ageas UK,Insurance & Risk,
Allianz UK,Insurance & Risk,
Aon UK,Insurance & Risk,
Ardonagh Group,Insurance & Risk,https://www.ardonagh.com/careers
Aviva,Insurance & Risk,
AXA UK,Insurance & Risk,
Beazley,Insurance & Risk,https://www.beazley.com/en-GB/careers
Brit Insurance,Insurance & Risk,https://www.britinsurance.com/careers
Bupa UK,Insurance & Risk,
Canopius,Insurance & Risk,https://www.canopius.com/careers/
CFC Underwriting,Insurance & Risk,https://www.cfc.com/careers/
Chubb UK,Insurance & Risk,
Cigna UK,Insurance & Risk,
Direct Line Group,Insurance & Risk,
esure,Insurance & Risk,https://www.esuregroup.com/careers/
Gallagher UK,Insurance & Risk,https://jobs.ajg.com/
Generali UK,Insurance & Risk,
Hastings Direct,Insurance & Risk,
Hiscox,Insurance & Risk,
Howden Group,Insurance & Risk,https://www.howdengroup.com/careers
Just Group,Insurance & Risk,https://www.justgroupplc.co.uk/careers/
Lancashire Holdings,Insurance & Risk,https://www.lancashiregroup.com/en/careers.html
Lloyd’s of London,Insurance & Risk,https://www.lloyds.com/careers
LV=,Insurance & Risk,
Markerstudy Group,Insurance & Risk,https://www.markerstudy.com/careers/
Marsh UK,Insurance & Risk,
MS Amlin,Insurance & Risk,
Munich Re UK,Insurance & Risk,https://www.munichre.com/en/career.html
Phoenix Group,Insurance & Risk,https://www.thephoenixgroup.com/careers/
QBE UK,Insurance & Risk,
Rothesay,Insurance & Risk,https://www.rothesay.com/careers
RSA Insurance,Insurance & Risk,
SCOR UK,Insurance & Risk,https://www.scor.com/en/careers
Simplyhealth,Insurance & Risk,
Swiss Re UK,Insurance & Risk,https://www.swissre.com/careers.html
Tokio Marine UK,Insurance & Risk,
Unum UK,Insurance & Risk,
Vitality UK,Insurance & Risk,
WTW UK,Insurance & Risk,https://careers.wtwco.com/
Zurich UK,Insurance & Risk,
BBC,"Media, Entertainment, Gaming, Sports & AdTech",https://careers.bbc.co.uk/
Channel 4,"Media, Entertainment, Gaming, Sports & AdTech",https://careers.channel4.com/
Creative Assembly,"Media, Entertainment, Gaming, Sports & AdTech",https://www.creative-assembly.com/careers
Criteo UK,"Media, Entertainment, Gaming, Sports & AdTech",https://www.criteo.com/careers/
DAZN,"Media, Entertainment, Gaming, Sports & AdTech",https://careers.dazn.com/
Dentsu UK,"Media, Entertainment, Gaming, Sports & AdTech",https://www.dentsu.com/careers
Electronic Arts UK,"Media, Entertainment, Gaming, Sports & AdTech",https://www.ea.com/careers
Entain,"Media, Entertainment, Gaming, Sports & AdTech",https://entaingroup.com/careers/
Financial Times,"Media, Entertainment, Gaming, Sports & AdTech",https://aboutus.ft.com/careers
Gamesys,"Media, Entertainment, Gaming, Sports & AdTech",https://www.gamesysgroup.com/careers/
GroupM UK,"Media, Entertainment, Gaming, Sports & AdTech",https://www.groupm.com/careers/
Guardian Media Group,"Media, Entertainment, Gaming, Sports & AdTech",https://workforus.theguardian.com/
Havas UK,"Media, Entertainment, Gaming, Sports & AdTech",https://www.havas.com/careers
Informa,"Media, Entertainment, Gaming, Sports & AdTech",https://www.informa.com/careers/
ITV,"Media, Entertainment, Gaming, Sports & AdTech",https://www.itvjobs.com/
Jagex,"Media, Entertainment, Gaming, Sports & AdTech",https://www.jagex.com/en-GB/careers
King,"Media, Entertainment, Gaming, Sports & AdTech",https://careers.king.com/
MiQ,"Media, Entertainment, Gaming, Sports & AdTech",https://www.wearemiq.com/careers/
News UK,"Media, Entertainment, Gaming, Sports & AdTech",https://www.news.co.uk/careers/
Omnicom Media Group UK,"Media, Entertainment, Gaming, Sports & AdTech",https://www.omnicommediagroup.com/careers/
PlayStation London Studio,"Media, Entertainment, Gaming, Sports & AdTech",https://sonyinteractive.com/en/careers/
Publicis Groupe UK,"Media, Entertainment, Gaming, Sports & AdTech",https://www.publicisgroupe.com/en/careers
Quantcast UK,"Media, Entertainment, Gaming, Sports & AdTech",https://www.quantcast.com/careers/
RELX UK,"Media, Entertainment, Gaming, Sports & AdTech",https://www.relx.com/careers
Rockstar Games UK,"Media, Entertainment, Gaming, Sports & AdTech",https://www.rockstargames.com/careers
Sky Betting & Gaming,"Media, Entertainment, Gaming, Sports & AdTech",https://www.skybetcareers.com/
Sports Interactive,"Media, Entertainment, Gaming, Sports & AdTech",https://www.sports-interactive.com/careers
The Athletic UK,"Media, Entertainment, Gaming, Sports & AdTech",https://theathletic.com/careers/
The Economist Group,"Media, Entertainment, Gaming, Sports & AdTech",https://www.economistgroup.com/careers
The Rank Group,"Media, Entertainment, Gaming, Sports & AdTech",https://www.rank.com/careers/
The Trade Desk UK,"Media, Entertainment, Gaming, Sports & AdTech",https://www.thetradedesk.com/careers
William Hill,"Media, Entertainment, Gaming, Sports & AdTech",https://www.williamhillgroup.com/careers/
WPP,"Media, Entertainment, Gaming, Sports & AdTech",https://www.wpp.com/people/careers
AECOM UK,"Property, Construction, Infrastructure & Professional Services",https://aecom.com/careers/
Arcadis UK,"Property, Construction, Infrastructure & Professional Services",https://www.arcadis.com/en/careers
Arup,"Property, Construction, Infrastructure & Professional Services",https://www.arup.com/careers
AtkinsRéalis UK,"Property, Construction, Infrastructure & Professional Services",https://careers.atkinsrealis.com/
Balfour Beatty,"Property, Construction, Infrastructure & Professional Services",https://www.balfourbeattycareers.com/
Barratt Redrow,"Property, Construction, Infrastructure & Professional Services",https://www.barrattcareers.co.uk/
Berkeley Group,"Property, Construction, Infrastructure & Professional Services",https://www.berkeleygroup.co.uk/careers
British Land,"Property, Construction, Infrastructure & Professional Services",https://www.britishland.com/careers
CBRE UK,"Property, Construction, Infrastructure & Professional Services",https://www.cbre.co.uk/careers
Cushman & Wakefield UK,"Property, Construction, Infrastructure & Professional Services",https://careers.cushmanwakefield.com/
Jacobs UK,"Property, Construction, Infrastructure & Professional Services",https://careers.jacobs.com/
JLL UK,"Property, Construction, Infrastructure & Professional Services",https://www.jll.co.uk/en/careers
Kier Group,"Property, Construction, Infrastructure & Professional Services",https://jobs.kier.co.uk/
Knight Frank,"Property, Construction, Infrastructure & Professional Services",https://www.knightfrank.com/careers
Laing O’Rourke,"Property, Construction, Infrastructure & Professional Services",https://careers.laingorourke.com/
Landsec,"Property, Construction, Infrastructure & Professional Services",https://landsec.com/careers
Mace Group,"Property, Construction, Infrastructure & Professional Services",https://www.macegroup.com/careers
Mott MacDonald,"Property, Construction, Infrastructure & Professional Services",https://www.mottmac.com/careers
Persimmon Homes,"Property, Construction, Infrastructure & Professional Services",https://www.persimmonhomes.com/corporate/careers
Purplebricks,"Property, Construction, Infrastructure & Professional Services",https://www.purplebricks.co.uk/careers
Ramboll UK,"Property, Construction, Infrastructure & Professional Services",https://www.ramboll.com/careers
Rightmove,"Property, Construction, Infrastructure & Professional Services",https://plc.rightmove.co.uk/careers/
RPS Group,"Property, Construction, Infrastructure & Professional Services",https://www.rpsgroup.com/careers/
Savills,"Property, Construction, Infrastructure & Professional Services",https://www.savills.co.uk/careers.aspx
Skanska UK,"Property, Construction, Infrastructure & Professional Services",https://www.skanska.co.uk/careers/
Taylor Wimpey,"Property, Construction, Infrastructure & Professional Services",https://www.taylorwimpey.co.uk/careers
Turner & Townsend,"Property, Construction, Infrastructure & Professional Services",https://www.turnerandtownsend.com/en/careers/
WSP UK,"Property, Construction, Infrastructure & Professional Services",https://www.wsp.com/en-gb/careers
Zoopla,"Property, Construction, Infrastructure & Professional Services",https://careers.zoopla.co.uk/
Alan Turing Institute,"Public Sector, Education, Research & Non-profit",https://www.turing.ac.uk/work-turing/jobs
British Geological Survey,"Public Sector, Education, Research & Non-profit",https://www.bgs.ac.uk/about-bgs/working-with-us/jobs/
British Library,"Public Sector, Education, Research & Non-profit",https://www.bl.uk/careers
British Museum,"Public Sector, Education, Research & Non-profit",https://www.britishmuseum.org/about-us/jobs
Cabinet Office,"Public Sector, Education, Research & Non-profit",
Care Quality Commission,"Public Sector, Education, Research & Non-profit",https://www.cqc.org.uk/about-us/jobs
Competition and Markets Authority,"Public Sector, Education, Research & Non-profit",https://www.gov.uk/government/organisations/competition-and-markets-authority/about/recruitment
Department for Business and Trade,"Public Sector, Education, Research & Non-profit",https://www.civilservicejobs.service.gov.uk/
Department for Education,"Public Sector, Education, Research & Non-profit",
"Department for Environment, Food & Rural Affairs","Public Sector, Education, Research & Non-profit",https://www.civilservicejobs.service.gov.uk/
"Department for Science, Innovation and Technology","Public Sector, Education, Research & Non-profit",https://www.civilservicejobs.service.gov.uk/
Department for Transport,"Public Sector, Education, Research & Non-profit",https://www.civilservicejobs.service.gov.uk/
Department for Work and Pensions,"Public Sector, Education, Research & Non-profit",https://www.civilservicejobs.service.gov.uk/
Department of Health,"Public Sector, Education, Research & Non-profit",
Environment Agency,"Public Sector, Education, Research & Non-profit",https://environmentagencycareers.co.uk/
Government Digital Service,"Public Sector, Education, Research & Non-profit",https://www.civilservicejobs.service.gov.uk/
HMRC,"Public Sector, Education, Research & Non-profit",
Home Office,"Public Sector, Education, Research & Non-profit",
Imperial College London,"Public Sector, Education, Research & Non-profit",https://www.imperial.ac.uk/jobs/
Information Commissioner’s Office,"Public Sector, Education, Research & Non-profit",https://ico.org.uk/about-the-ico/jobs/
King’s College London,"Public Sector, Education, Research & Non-profit",https://www.kcl.ac.uk/jobs
Medicines and Healthcare products Regulatory Agency,"Public Sector, Education, Research & Non-profit",https://www.gov.uk/government/organisations/medicines-and-healthcare-products-regulatory-agency/about/recruitment
Met Office,"Public Sector, Education, Research & Non-profit",https://www.metoffice.gov.uk/about-us/careers
Ministry of Defence,"Public Sector, Education, Research & Non-profit",
Ministry of Justice,"Public Sector, Education, Research & Non-profit",https://www.civilservicejobs.service.gov.uk/
NHS Blood and Transplant,"Public Sector, Education, Research & Non-profit",https://www.nhsbt.nhs.uk/careers/
NHS Business Services Authority,"Public Sector, Education, Research & Non-profit",https://www.nhsbsa.nhs.uk/careers
Ofcom,"Public Sector, Education, Research & Non-profit",https://www.ofcom.org.uk/about-ofcom/careers/
Office for National Statistics,"Public Sector, Education, Research & Non-profit",
Ofgem,"Public Sector, Education, Research & Non-profit",https://www.ofgem.gov.uk/about-us/careers
Ordnance Survey,"Public Sector, Education, Research & Non-profit",https://www.ordnancesurvey.co.uk/about/careers
UK Research and Innovation,"Public Sector, Education, Research & Non-profit",https://www.ukri.org/about-us/jobs/
University College London,"Public Sector, Education, Research & Non-profit",https://www.ucl.ac.uk/work-at-ucl/
University of Cambridge,"Public Sector, Education, Research & Non-profit",https://www.jobs.cam.ac.uk/
University of Edinburgh,"Public Sector, Education, Research & Non-profit",https://www.ed.ac.uk/human-resources/jobs
University of Manchester,"Public Sector, Education, Research & Non-profit",https://www.jobs.manchester.ac.uk/
University of Oxford,"Public Sector, Education, Research & Non-profit",https://www.jobs.ox.ac.uk/
Babbel UK,"Recruitment, HR Tech, Education Tech & Other Data-rich Firms",https://www.babbel.com/careers
Beamery,"Recruitment, HR Tech, Education Tech & Other Data-rich Firms",https://beamery.com/careers
Compare the Market,"Recruitment, HR Tech, Education Tech & Other Data-rich Firms",https://www.comparethemarket.com/careers/
Confused.com,"Recruitment, HR Tech, Education Tech & Other Data-rich Firms",https://www.confused.com/careers
Duolingo UK,"Recruitment, HR Tech, Education Tech & Other Data-rich Firms",https://careers.duolingo.com/
FutureLearn,"Recruitment, HR Tech, Education Tech & Other Data-rich Firms",https://www.futurelearn.com/info/careers
Hays,"Recruitment, HR Tech, Education Tech & Other Data-rich Firms",https://www.haysplc.com/careers
Indeed UK,"Recruitment, HR Tech, Education Tech & Other Data-rich Firms",https://www.indeed.com/careers
Kaplan UK,"Recruitment, HR Tech, Education Tech & Other Data-rich Firms",https://kaplan.co.uk/careers
MoneySavingExpert,"Recruitment, HR Tech, Education Tech & Other Data-rich Firms",https://www.moneysupermarketgroup.com/careers/
MoneySuperMarket Group,"Recruitment, HR Tech, Education Tech & Other Data-rich Firms",https://www.moneysupermarketgroup.com/careers/
Multiverse,"Recruitment, HR Tech, Education Tech & Other Data-rich Firms",https://www.multiverse.io/en-GB/careers
PageGroup,"Recruitment, HR Tech, Education Tech & Other Data-rich Firms",https://www.page.com/careers
Pearson,"Recruitment, HR Tech, Education Tech & Other Data-rich Firms",https://plc.pearson.com/en-GB/careers
QS Quacquarelli Symonds,"Recruitment, HR Tech, Education Tech & Other Data-rich Firms",https://www.qs.com/careers/
Reed,"Recruitment, HR Tech, Education Tech & Other Data-rich Firms",https://www.reed.com/careers
Robert Walters,"Recruitment, HR Tech, Education Tech & Other Data-rich Firms",https://www.robertwaltersgroup.com/careers.html
Times Higher Education,"Recruitment, HR Tech, Education Tech & Other Data-rich Firms",https://www.timeshighereducation.com/unijobs/listings/times-higher-education/
Totaljobs / StepStone UK,"Recruitment, HR Tech, Education Tech & Other Data-rich Firms",https://www.stepstonegroup.com/english/careers/
Trustpilot,"Recruitment, HR Tech, Education Tech & Other Data-rich Firms",https://jobs.lever.co/trustpilot
Turnitin UK,"Recruitment, HR Tech, Education Tech & Other Data-rich Firms",https://www.turnitin.com/careers
uSwitch,"Recruitment, HR Tech, Education Tech & Other Data-rich Firms",https://www.uswitch.com/about-us/careers/
Which?,"Recruitment, HR Tech, Education Tech & Other Data-rich Firms",https://www.which.co.uk/about-which/work-for-us
Workable UK,"Recruitment, HR Tech, Education Tech & Other Data-rich Firms",https://www.workable.com/careers
Aldi UK,"Retail, Grocery, E-commerce & Consumer",
Amazon UK,"Retail, Grocery, E-commerce & Consumer",
AO.com,"Retail, Grocery, E-commerce & Consumer",
Argos,"Retail, Grocery, E-commerce & Consumer",
ASDA,"Retail, Grocery, E-commerce & Consumer",
ASOS,"Retail, Grocery, E-commerce & Consumer",
Auto Trader UK,"Retail, Grocery, E-commerce & Consumer",https://careers.autotrader.co.uk/
B&Q,"Retail, Grocery, E-commerce & Consumer",
Boohoo,"Retail, Grocery, E-commerce & Consumer",
Boots,"Retail, Grocery, E-commerce & Consumer",
Card Factory,"Retail, Grocery, E-commerce & Consumer",https://www.cardfactoryjobs.co.uk/
Carwow,"Retail, Grocery, E-commerce & Consumer",https://www.carwow.co.uk/about/careers
Cazoo,"Retail, Grocery, E-commerce & Consumer",https://www.cazoo.co.uk/careers/
Co-op,"Retail, Grocery, E-commerce & Consumer",
Costa Coffee,"Retail, Grocery, E-commerce & Consumer",https://www.costacareers.co.uk/
Costco UK,"Retail, Grocery, E-commerce & Consumer",
Currys,"Retail, Grocery, E-commerce & Consumer",
Decathlon UK,"Retail, Grocery, E-commerce & Consumer",https://joinus.decathlon.co.uk/
Deliveroo,"Retail, Grocery, E-commerce & Consumer",https://boards.greenhouse.io/deliveroo
Depop,"Retail, Grocery, E-commerce & Consumer",https://www.depop.com/careers/
DFS,"Retail, Grocery, E-commerce & Consumer",
Domino’s Pizza UK,"Retail, Grocery, E-commerce & Consumer",https://www.dominosrecruitment.co.uk/
Dunelm,"Retail, Grocery, E-commerce & Consumer",
eBay UK,"Retail, Grocery, E-commerce & Consumer",https://jobs.ebayinc.com/
Etsy UK,"Retail, Grocery, E-commerce & Consumer",https://www.etsy.com/careers
Farfetch,"Retail, Grocery, E-commerce & Consumer",
Frasers Group,"Retail, Grocery, E-commerce & Consumer",
Getir UK,"Retail, Grocery, E-commerce & Consumer",https://getir.com/careers/
Gousto,"Retail, Grocery, E-commerce & Consumer",
Greggs,"Retail, Grocery, E-commerce & Consumer",
Gymshark,"Retail, Grocery, E-commerce & Consumer",https://www.gymshark.com/pages/careers
H&M UK,"Retail, Grocery, E-commerce & Consumer",
Halfords,"Retail, Grocery, E-commerce & Consumer",https://www.halfordscareers.com/
Harrods,"Retail, Grocery, E-commerce & Consumer",
HelloFresh UK,"Retail, Grocery, E-commerce & Consumer",
Holland & Barrett,"Retail, Grocery, E-commerce & Consumer",
Hotel Chocolat,"Retail, Grocery, E-commerce & Consumer",https://www.hotelchocolat.com/uk/careers.html
Iceland Foods,"Retail, Grocery, E-commerce & Consumer",
IKEA UK,"Retail, Grocery, E-commerce & Consumer",https://www.ikea.com/gb/en/this-is-ikea/work-with-us/
JD Sports,"Retail, Grocery, E-commerce & Consumer",
John Lewis,"Retail, Grocery, E-commerce & Consumer",
Just Eat UK,"Retail, Grocery, E-commerce & Consumer",
KFC UK & Ireland,"Retail, Grocery, E-commerce & Consumer",https://careers.kfc.co.uk/
Kingfisher plc,"Retail, Grocery, E-commerce & Consumer",https://www.kingfisher.com/en/careers.html
Lidl UK,"Retail, Grocery, E-commerce & Consumer",
Loveholidays,"Retail, Grocery, E-commerce & Consumer",https://careers.loveholidays.com/
Lush,"Retail, Grocery, E-commerce & Consumer",https://weare.lush.com/careers/
Made.com,"Retail, Grocery, E-commerce & Consumer",https://www.made.com/careers
Marks & Spencer,"Retail, Grocery, E-commerce & Consumer",
Matalan,"Retail, Grocery, E-commerce & Consumer",https://www.matalan.jobs/
McDonald’s UK,"Retail, Grocery, E-commerce & Consumer",https://www.mcdonalds.com/gb/en-gb/careers.html
Moonpig,"Retail, Grocery, E-commerce & Consumer",
Morrisons,"Retail, Grocery, E-commerce & Consumer",
Motorway,"Retail, Grocery, E-commerce & Consumer",https://motorway.co.uk/careers
New Look,"Retail, Grocery, E-commerce & Consumer",https://www.newlook.jobs/
Next,"Retail, Grocery, E-commerce & Consumer",
Next Retail,"Retail, Grocery, E-commerce & Consumer",https://careers.next.co.uk/
Not On The High Street,"Retail, Grocery, E-commerce & Consumer",
Ocado,"Retail, Grocery, E-commerce & Consumer",
Ocado Group,"Retail, Grocery, E-commerce & Consumer",https://www.ocadogroup.com/careers/
Ocado Retail,"Retail, Grocery, E-commerce & Consumer",https://www.ocadoretail.com/careers/
Pandora UK,"Retail, Grocery, E-commerce & Consumer",
Pets at Home,"Retail, Grocery, E-commerce & Consumer",
Pets Choice,"Retail, Grocery, E-commerce & Consumer",https://www.petschoice.co.uk/careers/
Pret A Manger,"Retail, Grocery, E-commerce & Consumer",https://www.pret.co.uk/en-GB/careers
Primark,"Retail, Grocery, E-commerce & Consumer",
River Island,"Retail, Grocery, E-commerce & Consumer",
Sainsbury’s,"Retail, Grocery, E-commerce & Consumer",
Screwfix,"Retail, Grocery, E-commerce & Consumer",https://www.screwfixcareers.com/
Secret Escapes,"Retail, Grocery, E-commerce & Consumer",https://www.secretescapes.com/careers
Selfridges,"Retail, Grocery, E-commerce & Consumer",
Skyscanner,"Retail, Grocery, E-commerce & Consumer",https://www.skyscanner.net/jobs
Smyths Toys UK,"Retail, Grocery, E-commerce & Consumer",https://www.smythstoys.com/uk/en-gb/careers
Sports Direct,"Retail, Grocery, E-commerce & Consumer",
Superdry,"Retail, Grocery, E-commerce & Consumer",
Tesco,"Retail, Grocery, E-commerce & Consumer",
The Body Shop,"Retail, Grocery, E-commerce & Consumer",
The Very Group,"Retail, Grocery, E-commerce & Consumer",
THG,"Retail, Grocery, E-commerce & Consumer",
Toolstation,"Retail, Grocery, E-commerce & Consumer",https://www.toolstationjobs.com/
Trainline,"Retail, Grocery, E-commerce & Consumer",https://www.thetrainline.com/careers
Uber Eats UK,"Retail, Grocery, E-commerce & Consumer",
Vinted UK,"Retail, Grocery, E-commerce & Consumer",https://careers.vinted.com/
Waitrose,"Retail, Grocery, E-commerce & Consumer",
Wayfair UK,"Retail, Grocery, E-commerce & Consumer",https://www.wayfair.com/careers
WHSmith,"Retail, Grocery, E-commerce & Consumer",
Wickes,"Retail, Grocery, E-commerce & Consumer",https://www.wickescareers.co.uk/
Zapp,"Retail, Grocery, E-commerce & Consumer",https://www.zapp.co/careers
Zara UK,"Retail, Grocery, E-commerce & Consumer",
Adobe UK,"Technology, AI, Software & Cybersecurity",
Airbnb UK,"Technology, AI, Software & Cybersecurity",
Alteryx UK,"Technology, AI, Software & Cybersecurity",https://www.alteryx.com/careers
AMD UK,"Technology, AI, Software & Cybersecurity",https://www.amd.com/en/corporate/careers.html
Anthropic UK,"Technology, AI, Software & Cybersecurity",https://www.anthropic.com/careers
Apple UK,"Technology, AI, Software & Cybersecurity",
ARM,"Technology, AI, Software & Cybersecurity",
Atlassian UK,"Technology, AI, Software & Cybersecurity",https://www.atlassian.com/company/careers
BAE Systems Digital Intelligence,"Technology, AI, Software & Cybersecurity",https://www.baesystems.com/en/careers
Behavox,"Technology, AI, Software & Cybersecurity",https://www.behavox.com/careers
Bet365,"Technology, AI, Software & Cybersecurity",
Booking.com UK,"Technology, AI, Software & Cybersecurity",
Box UK,"Technology, AI, Software & Cybersecurity",https://www.box.com/about-us/careers
BT Group,"Technology, AI, Software & Cybersecurity",
Builder.ai,"Technology, AI, Software & Cybersecurity",https://www.builder.ai/careers
Canonical,"Technology, AI, Software & Cybersecurity",https://canonical.com/careers
Cisco UK,"Technology, AI, Software & Cybersecurity",https://jobs.cisco.com/
Cleo AI,"Technology, AI, Software & Cybersecurity",https://web.meetcleo.com/careers
Cloudflare UK,"Technology, AI, Software & Cybersecurity",https://www.cloudflare.com/careers/
Cohere,"Technology, AI, Software & Cybersecurity",https://jobs.ashbyhq.com/cohere
Cohere UK,"Technology, AI, Software & Cybersecurity",https://cohere.com/careers
Confluent UK,"Technology, AI, Software & Cybersecurity",https://www.confluent.io/careers/
Darktrace,"Technology, AI, Software & Cybersecurity",
Databricks,"Technology, AI, Software & Cybersecurity",
Datadog UK,"Technology, AI, Software & Cybersecurity",https://www.datadoghq.com/careers/
Dataiku UK,"Technology, AI, Software & Cybersecurity",https://www.dataiku.com/careers/
DeepMind,"Technology, AI, Software & Cybersecurity",
Dell Technologies UK,"Technology, AI, Software & Cybersecurity",https://jobs.dell.com/
Elastic UK,"Technology, AI, Software & Cybersecurity",https://www.elastic.co/careers
ElevenLabs UK,"Technology, AI, Software & Cybersecurity",https://elevenlabs.io/careers
Expedia UK,"Technology, AI, Software & Cybersecurity",
Faculty AI,"Technology, AI, Software & Cybersecurity",https://faculty.ai/careers/
Featurespace,"Technology, AI, Software & Cybersecurity",https://www.featurespace.com/careers/
FiveAI / Bosch,"Technology, AI, Software & Cybersecurity",https://www.bosch.com/careers/
Flutter Entertainment,"Technology, AI, Software & Cybersecurity",
GitHub UK,"Technology, AI, Software & Cybersecurity",https://github.careers/
Google UK,"Technology, AI, Software & Cybersecurity",
Graphcore,"Technology, AI, Software & Cybersecurity",
HP UK,"Technology, AI, Software & Cybersecurity",https://jobs.hp.com/
HubSpot UK,"Technology, AI, Software & Cybersecurity",https://www.hubspot.com/careers
IBM UK,"Technology, AI, Software & Cybersecurity",
Imagination Technologies,"Technology, AI, Software & Cybersecurity",https://www.imaginationtech.com/careers/
Immersive Labs,"Technology, AI, Software & Cybersecurity",https://www.immersivelabs.com/careers/
Intel UK,"Technology, AI, Software & Cybersecurity",https://jobs.intel.com/
Meta UK,"Technology, AI, Software & Cybersecurity",
Microsoft UK,"Technology, AI, Software & Cybersecurity",
MongoDB UK,"Technology, AI, Software & Cybersecurity",https://www.mongodb.com/careers
NCC Group,"Technology, AI, Software & Cybersecurity",https://www.nccgroup.com/uk/careers/
Nvidia UK,"Technology, AI, Software & Cybersecurity",
O2 UK,"Technology, AI, Software & Cybersecurity",
Ocado Technology,"Technology, AI, Software & Cybersecurity",
Onfido,"Technology, AI, Software & Cybersecurity",https://jobs.lever.co/onfido
OpenAI UK,"Technology, AI, Software & Cybersecurity",https://openai.com/careers/
Oracle UK,"Technology, AI, Software & Cybersecurity",
Palantir,"Technology, AI, Software & Cybersecurity",
Peak AI,"Technology, AI, Software & Cybersecurity",https://peak.ai/careers/
PolyAI,"Technology, AI, Software & Cybersecurity",https://poly.ai/careers/
Qualcomm UK,"Technology, AI, Software & Cybersecurity",https://www.qualcomm.com/company/careers
Quantexa,"Technology, AI, Software & Cybersecurity",https://www.quantexa.com/careers/
Rapid7 UK,"Technology, AI, Software & Cybersecurity",https://www.rapid7.com/careers/
Ravelin,"Technology, AI, Software & Cybersecurity",https://jobs.lever.co/ravelin
Red Hat UK,"Technology, AI, Software & Cybersecurity",https://www.redhat.com/en/jobs
Salesforce UK,"Technology, AI, Software & Cybersecurity",
SAP UK,"Technology, AI, Software & Cybersecurity",
SAS UK,"Technology, AI, Software & Cybersecurity",https://www.sas.com/en_gb/careers.html
ServiceNow UK,"Technology, AI, Software & Cybersecurity",https://careers.servicenow.com/
Signal AI,"Technology, AI, Software & Cybersecurity",https://www.signal-ai.com/careers
Sky UK,"Technology, AI, Software & Cybersecurity",
Snowflake,"Technology, AI, Software & Cybersecurity",
Snyk,"Technology, AI, Software & Cybersecurity",https://job-boards.greenhouse.io/snyk
Sophos,"Technology, AI, Software & Cybersecurity",https://www.sophos.com/en-us/careers
Splunk UK,"Technology, AI, Software & Cybersecurity",https://www.splunk.com/en_us/careers.html
Spotify UK,"Technology, AI, Software & Cybersecurity",
Stability AI,"Technology, AI, Software & Cybersecurity",https://stability.ai/careers
Synthesia,"Technology, AI, Software & Cybersecurity",https://www.synthesia.io/careers
Teradata UK,"Technology, AI, Software & Cybersecurity",https://careers.teradata.com/
Tessian,"Technology, AI, Software & Cybersecurity",https://www.tessian.com/careers/
Three UK,"Technology, AI, Software & Cybersecurity",
TikTok UK,"Technology, AI, Software & Cybersecurity",
Twilio UK,"Technology, AI, Software & Cybersecurity",https://www.twilio.com/en-us/company/jobs
Unlikely AI,"Technology, AI, Software & Cybersecurity",https://unlikely.ai/careers/
Vodafone UK,"Technology, AI, Software & Cybersecurity",
Wayve,"Technology, AI, Software & Cybersecurity",https://wayve.ai/careers/
Workday UK,"Technology, AI, Software & Cybersecurity",https://workday.wd5.myworkdayjobs.com/Workday
Zego,"Technology, AI, Software & Cybersecurity",https://www.zego.com/careers/
Zendesk UK,"Technology, AI, Software & Cybersecurity",https://www.zendesk.com/company/careers/
AWS UK,"Telecoms, Cloud, Infrastructure & Platforms",https://www.amazon.jobs/
CityFibre,"Telecoms, Cloud, Infrastructure & Platforms",https://cityfibre.com/careers
Colt Technology Services,"Telecoms, Cloud, Infrastructure & Platforms",https://www.colt.net/careers/
Digital Realty UK,"Telecoms, Cloud, Infrastructure & Platforms",https://www.digitalrealty.com/about/careers
EE,"Telecoms, Cloud, Infrastructure & Platforms",https://jobs.bt.com/EE
Equinix UK,"Telecoms, Cloud, Infrastructure & Platforms",https://careers.equinix.com/
Gamma Telecom,"Telecoms, Cloud, Infrastructure & Platforms",https://www.gamma.co.uk/careers/
Google Cloud UK,"Telecoms, Cloud, Infrastructure & Platforms",https://careers.google.com/
Microsoft Azure UK,"Telecoms, Cloud, Infrastructure & Platforms",https://careers.microsoft.com/
NTT Global Data Centers UK,"Telecoms, Cloud, Infrastructure & Platforms",https://services.global.ntt/en/careers
Openreach,"Telecoms, Cloud, Infrastructure & Platforms",https://www.openreach.com/careers
Oracle Cloud UK,"Telecoms, Cloud, Infrastructure & Platforms",https://www.oracle.com/uk/careers/
OVHcloud UK,"Telecoms, Cloud, Infrastructure & Platforms",https://corporate.ovhcloud.com/en/careers/
TalkTalk,"Telecoms, Cloud, Infrastructure & Platforms",https://www.talktalkgroup.com/careers/
Virgin Media O2,"Telecoms, Cloud, Infrastructure & Platforms",https://www.virginmediao2.co.uk/careers
Arriva UK,"Transport, Travel, Logistics & Mobility",https://www.arrivabusjobs.co.uk/
Avanti West Coast,"Transport, Travel, Logistics & Mobility",https://www.avantiwestcoast.co.uk/about-us/careers
Beryl,"Transport, Travel, Logistics & Mobility",https://beryl.cc/careers
Bolt UK,"Transport, Travel, Logistics & Mobility",https://bolt.eu/en/careers/
British Airways,"Transport, Travel, Logistics & Mobility",
DHL UK,"Transport, Travel, Logistics & Mobility",https://careers.dhl.com/
DPD UK,"Transport, Travel, Logistics & Mobility",https://www.dpd.co.uk/content/careers.jsp
EasyJet,"Transport, Travel, Logistics & Mobility",
Eurostar,"Transport, Travel, Logistics & Mobility",https://www.eurostar.com/uk-en/careers
Evri,"Transport, Travel, Logistics & Mobility",https://www.evri.com/careers
FedEx UK,"Transport, Travel, Logistics & Mobility",https://careers.fedex.com/
FirstGroup,"Transport, Travel, Logistics & Mobility",https://www.firstgroupcareers.com/
Gatwick Airport,"Transport, Travel, Logistics & Mobility",
Go-Ahead Group,"Transport, Travel, Logistics & Mobility",https://www.go-ahead.com/careers
GTR / Govia Thameslink Railway,"Transport, Travel, Logistics & Mobility",https://gtrailwaycareers.com/
GXO Logistics UK,"Transport, Travel, Logistics & Mobility",https://gxo.com/careers/
Heathrow Airport,"Transport, Travel, Logistics & Mobility",
Jet2,"Transport, Travel, Logistics & Mobility",https://www.jet2careers.com/
Kuehne+Nagel UK,"Transport, Travel, Logistics & Mobility",https://jobs.kuehne-nagel.com/
Lime UK,"Transport, Travel, Logistics & Mobility",https://www.li.me/careers
LNER,"Transport, Travel, Logistics & Mobility",https://www.lnerjobs.co.uk/
Maersk UK,"Transport, Travel, Logistics & Mobility",https://www.maersk.com/careers
Manchester Airports Group,"Transport, Travel, Logistics & Mobility",https://www.magairports.com/careers/
National Express / Mobico,"Transport, Travel, Logistics & Mobility",https://careers.mobicogroup.com/
Network Rail,"Transport, Travel, Logistics & Mobility",
Royal Mail,"Transport, Travel, Logistics & Mobility",https://jobs.royalmailgroup.com/
Ryanair UK,"Transport, Travel, Logistics & Mobility",https://careers.ryanair.com/
Stagecoach,"Transport, Travel, Logistics & Mobility",https://www.stagecoachbus.com/careers
Transport for London,"Transport, Travel, Logistics & Mobility",
TUI UK,"Transport, Travel, Logistics & Mobility",https://careers.tuigroup.com/
Uber UK,"Transport, Travel, Logistics & Mobility",https://www.uber.com/gb/en/careers/
UPS UK,"Transport, Travel, Logistics & Mobility",https://www.jobs-ups.uk/
Virgin Atlantic,"Transport, Travel, Logistics & Mobility",https://careersuk.virgin-atlantic.com/
Wincanton,"Transport, Travel, Logistics & Mobility",https://www.wincanton.co.uk/careers/
Wizz Air UK,"Transport, Travel, Logistics & Mobility",https://careers.wizzair.com/
Yodel,"Transport, Travel, Logistics & Mobility",https://www.yodel.co.uk/careers
